{
  "0": 1.808903392192531,
  "1": 1.0,
  "2": 10.0,
  "3": 10.0,
  "4": 1.0,
  "5": 1.8488478204471164
}