{
  "0": 7.41320467299326,
  "1": 2.9892491357189646,
  "2": 10.0
}